Round,Algorithm,Observation,Guess,Correct Label,Is Correct,Time Taken,On The House
1,RandomGuessAlgorithm,011102220,1,0,0,0.0009763240814208984,False
1,OnlyZerosAlgorithm,011102220,0,0,1,0.0009763240814208984,False
1,SATAlgorithm,011102220,4,0,0,0.2344369888305664,False
2,RandomGuessAlgorithm,100001122,1,0,0,0.0009737014770507812,False
2,OnlyZerosAlgorithm,100001122,0,0,1,0.0019507408142089844,False
2,SATAlgorithm,100001122,0,0,1,10.749515771865845,False
3,RandomGuessAlgorithm,020120010,1,0,0,0.0019538402557373047,False
3,OnlyZerosAlgorithm,020120010,0,0,1,0.0009763240814208984,False
