Round,Algorithm,Observation,Guess,Correct Label,Is Correct,Time Taken
1,RandomGuessAlgorithm,110002210,1,0,0,0.0019528865814208984
1,OnlyZerosAlgorithm,110002210,0,0,1,0.0
1,LocusAlgorithm,110002210,0,0,1,5.96747612953186
2,RandomGuessAlgorithm,120211120,1,0,0,0.0009768009185791016
2,OnlyZerosAlgorithm,120211120,0,0,1,0.0009772777557373047
2,LocusAlgorithm,120211120,0,0,1,57.93009662628174
3,RandomGuessAlgorithm,220011021,0,0,1,0.0009753704071044922
3,OnlyZerosAlgorithm,220011021,0,0,1,0.0009775161743164062
